Time,OFFICE.0.0:WINTER INCLUDING EXTREME WINTER DAYS:Des Heat Load [W],OFFICE.0.0:SUMMER INCLUDING EXTREME SUMMER DAYS:Des Sens Cool Load [W],OFFICE.0.0:WINTER INCLUDING EXTREME WINTER DAYS:Des Heat Mass Flow [kg/s],OFFICE.0.0:SUMMER INCLUDING EXTREME SUMMER DAYS:Des Cool Mass Flow [kg/s],OFFICE.1.0:WINTER INCLUDING EXTREME WINTER DAYS:Des Heat Load [W],OFFICE.1.0:SUMMER INCLUDING EXTREME SUMMER DAYS:Des Sens Cool Load [W],OFFICE.1.0:WINTER INCLUDING EXTREME WINTER DAYS:Des Heat Mass Flow [kg/s],OFFICE.1.0:SUMMER INCLUDING EXTREME SUMMER DAYS:Des Cool Mass Flow [kg/s],OFFICE.2.0:WINTER INCLUDING EXTREME WINTER DAYS:Des Heat Load [W],OFFICE.2.0:SUMMER INCLUDING EXTREME SUMMER DAYS:Des Sens Cool Load [W],OFFICE.2.0:WINTER INCLUDING EXTREME WINTER DAYS:Des Heat Mass Flow [kg/s],OFFICE.2.0:SUMMER INCLUDING EXTREME SUMMER DAYS:Des Cool Mass Flow [kg/s]
00:10:00,3.990813E+02,0.000000E+00,1.118081E-02,0.000000E+00,2.483338E+02,0.000000E+00,6.957643E-03,0.000000E+00,9.381527E+02,0.000000E+00,2.628433E-02,0.000000E+00
00:20:00,8.017820E+02,0.000000E+00,2.246302E-02,0.000000E+00,5.038105E+02,0.000000E+00,1.411540E-02,0.000000E+00,1.364886E+03,0.000000E+00,3.823940E-02,0.000000E+00
00:30:00,1.207945E+03,0.000000E+00,3.384220E-02,0.000000E+00,7.661871E+02,0.000000E+00,2.146645E-02,0.000000E+00,1.788442E+03,0.000000E+00,5.010539E-02,0.000000E+00
00:40:00,1.617414E+03,0.000000E+00,4.531402E-02,0.000000E+00,1.035221E+03,0.000000E+00,2.900401E-02,0.000000E+00,2.209051E+03,0.000000E+00,6.188882E-02,0.000000E+00
00:50:00,2.030049E+03,0.000000E+00,5.687453E-02,0.000000E+00,1.310686E+03,0.000000E+00,3.672175E-02,0.000000E+00,2.626883E+03,0.000000E+00,7.359440E-02,0.000000E+00
01:00:00,2.445721E+03,0.000000E+00,6.852012E-02,0.000000E+00,1.592370E+03,0.000000E+00,4.461371E-02,0.000000E+00,3.042085E+03,0.000000E+00,8.522627E-02,0.000000E+00
01:10:00,2.460258E+03,0.000000E+00,6.892737E-02,0.000000E+00,1.628312E+03,0.000000E+00,4.562064E-02,0.000000E+00,3.071729E+03,0.000000E+00,8.605672E-02,0.000000E+00
01:20:00,2.469051E+03,0.000000E+00,6.917368E-02,0.000000E+00,1.659520E+03,0.000000E+00,4.649493E-02,0.000000E+00,3.097539E+03,0.000000E+00,8.677975E-02,0.000000E+00
01:30:00,2.472205E+03,0.000000E+00,6.926204E-02,0.000000E+00,1.686030E+03,0.000000E+00,4.723761E-02,0.000000E+00,3.119551E+03,0.000000E+00,8.739635E-02,0.000000E+00
01:40:00,2.469726E+03,0.000000E+00,6.919258E-02,0.000000E+00,1.707951E+03,0.000000E+00,4.785173E-02,0.000000E+00,3.137804E+03,0.000000E+00,8.790769E-02,0.000000E+00
01:50:00,2.461702E+03,0.000000E+00,6.896781E-02,0.000000E+00,1.725258E+03,0.000000E+00,4.833660E-02,0.000000E+00,3.152333E+03,0.000000E+00,8.831470E-02,0.000000E+00
02:00:00,2.448137E+03,0.000000E+00,6.858779E-02,0.000000E+00,1.738066E+03,0.000000E+00,4.869541E-02,0.000000E+00,3.163173E+03,0.000000E+00,8.861838E-02,0.000000E+00
02:10:00,2.425058E+03,0.000000E+00,6.794125E-02,0.000000E+00,1.738267E+03,0.000000E+00,4.870102E-02,0.000000E+00,3.160083E+03,0.000000E+00,8.853177E-02,0.000000E+00
02:20:00,2.392477E+03,0.000000E+00,6.702853E-02,0.000000E+00,1.725938E+03,0.000000E+00,4.835560E-02,0.000000E+00,3.143134E+03,0.000000E+00,8.805698E-02,0.000000E+00
02:30:00,2.350536E+03,0.000000E+00,6.585357E-02,0.000000E+00,1.701342E+03,0.000000E+00,4.766653E-02,0.000000E+00,3.112585E+03,0.000000E+00,8.720121E-02,0.000000E+00
02:40:00,2.299426E+03,0.000000E+00,6.442175E-02,0.000000E+00,1.664604E+03,0.000000E+00,4.663729E-02,0.000000E+00,3.068626E+03,0.000000E+00,8.596977E-02,0.000000E+00
02:50:00,2.239254E+03,0.000000E+00,6.273609E-02,0.000000E+00,1.615981E+03,0.000000E+00,4.527508E-02,0.000000E+00,3.011455E+03,0.000000E+00,8.436822E-02,0.000000E+00
03:00:00,2.170209E+03,0.000000E+00,6.080182E-02,0.000000E+00,1.555584E+03,0.000000E+00,4.358303E-02,0.000000E+00,2.941262E+03,0.000000E+00,8.240191E-02,0.000000E+00
03:10:00,2.117435E+03,0.000000E+00,5.932343E-02,0.000000E+00,1.512899E+03,0.000000E+00,4.238724E-02,0.000000E+00,2.889862E+03,0.000000E+00,8.096210E-02,0.000000E+00
03:20:00,2.081049E+03,0.000000E+00,5.830415E-02,0.000000E+00,1.488096E+03,0.000000E+00,4.169241E-02,0.000000E+00,2.857419E+03,0.000000E+00,8.005334E-02,0.000000E+00
03:30:00,2.060833E+03,0.000000E+00,5.773784E-02,0.000000E+00,1.480907E+03,0.000000E+00,4.149105E-02,0.000000E+00,2.843658E+03,0.000000E+00,7.966793E-02,0.000000E+00
03:40:00,2.056723E+03,0.000000E+00,5.762274E-02,0.000000E+00,1.491263E+03,0.000000E+00,4.178121E-02,0.000000E+00,2.848493E+03,0.000000E+00,7.980341E-02,0.000000E+00
03:50:00,2.068630E+03,0.000000E+00,5.795633E-02,0.000000E+00,1.519065E+03,0.000000E+00,4.256013E-02,0.000000E+00,2.871808E+03,0.000000E+00,8.045659E-02,0.000000E+00
04:00:00,2.096460E+03,0.000000E+00,5.873602E-02,0.000000E+00,1.564210E+03,0.000000E+00,4.382490E-02,0.000000E+00,2.913485E+03,0.000000E+00,8.162413E-02,0.000000E+00
04:10:00,2.127139E+03,0.000000E+00,5.959546E-02,0.000000E+00,1.611192E+03,0.000000E+00,4.514113E-02,0.000000E+00,2.956644E+03,0.000000E+00,8.283316E-02,0.000000E+00
04:20:00,2.160483E+03,0.000000E+00,6.052956E-02,0.000000E+00,1.659743E+03,0.000000E+00,4.650129E-02,0.000000E+00,3.001006E+03,0.000000E+00,8.407585E-02,0.000000E+00
04:30:00,2.196584E+03,0.000000E+00,6.154092E-02,0.000000E+00,1.709976E+03,0.000000E+00,4.790859E-02,0.000000E+00,3.046674E+03,0.000000E+00,8.535515E-02,0.000000E+00
04:40:00,2.235449E+03,0.000000E+00,6.262969E-02,0.000000E+00,1.761896E+03,0.000000E+00,4.936313E-02,0.000000E+00,3.093650E+03,0.000000E+00,8.667108E-02,0.000000E+00
04:50:00,2.277092E+03,0.000000E+00,6.379629E-02,0.000000E+00,1.815517E+03,0.000000E+00,5.086533E-02,0.000000E+00,3.141943E+03,0.000000E+00,8.802391E-02,0.000000E+00
05:00:00,2.321527E+03,0.000000E+00,6.504112E-02,0.000000E+00,1.870854E+03,0.000000E+00,5.241559E-02,0.000000E+00,3.191564E+03,0.000000E+00,8.941394E-02,0.000000E+00
05:10:00,2.377997E+03,0.000000E+00,6.662308E-02,0.000000E+00,1.939446E+03,0.000000E+00,5.433723E-02,0.000000E+00,3.255325E+03,0.000000E+00,9.120011E-02,0.000000E+00
05:20:00,2.446815E+03,0.000000E+00,6.855097E-02,0.000000E+00,2.021672E+03,0.000000E+00,5.664077E-02,0.000000E+00,3.333616E+03,0.000000E+00,9.339329E-02,0.000000E+00
05:30:00,2.528093E+03,0.000000E+00,7.082791E-02,0.000000E+00,2.117721E+03,0.000000E+00,5.933157E-02,0.000000E+00,3.426609E+03,0.000000E+00,9.599826E-02,0.000000E+00
05:40:00,2.621962E+03,0.000000E+00,7.345754E-02,0.000000E+00,2.227674E+03,0.000000E+00,6.241184E-02,0.000000E+00,3.534456E+03,0.000000E+00,9.901933E-02,0.000000E+00
05:50:00,2.728634E+03,0.000000E+00,7.644581E-02,0.000000E+00,2.351837E+03,0.000000E+00,6.589017E-02,0.000000E+00,3.657393E+03,0.000000E+00,1.024631E-01,0.000000E+00
06:00:00,2.848171E+03,0.000000E+00,7.979446E-02,0.000000E+00,2.490248E+03,0.000000E+00,6.976764E-02,0.000000E+00,3.795620E+03,0.000000E+00,1.063351E-01,0.000000E+00
06:10:00,8.475226E+03,2.110404E+02,2.374397E-01,1.520469E-02,8.187392E+03,9.973796E+02,2.293777E-01,6.749202E-02,9.337836E+03,9.724181E+02,2.615986E-01,6.593833E-02
06:20:00,9.246231E+03,2.883791E+02,2.637980E-01,2.082265E-02,8.958209E+03,1.088039E+03,2.554822E-01,7.404686E-02,1.023001E+04,1.060813E+03,2.924018E-01,7.233116E-02
06:30:00,1.175535E+04,4.813860E+02,3.478895E-01,3.484373E-02,1.147205E+04,1.693277E+03,3.394480E-01,1.180133E-01,1.283402E+04,1.652457E+03,3.802968E-01,1.153100E-01
06:40:00,1.401461E+04,6.962152E+02,4.239545E-01,5.045114E-02,1.373704E+04,2.247782E+03,4.154291E-01,1.583042E-01,1.518239E+04,2.194779E+03,4.600142E-01,1.547157E-01
06:50:00,1.611861E+04,9.630210E+02,4.950518E-01,6.983486E-02,1.584714E+04,2.847019E+03,4.864686E-01,2.018442E-01,1.737225E+04,2.782259E+03,5.346741E-01,1.974013E-01
07:00:00,1.815450E+04,1.267491E+03,5.640234E-01,9.195543E-02,1.788994E+04,3.483425E+03,5.554234E-01,2.480849E-01,1.949006E+04,3.407051E+03,6.070950E-01,2.427979E-01
07:10:00,1.471573E+04,2.194201E+03,4.798662E-01,1.594128E-01,1.440451E+04,3.956707E+03,4.697515E-01,2.874492E-01,1.622907E+04,3.893788E+03,5.290566E-01,2.828798E-01
07:20:00,1.604790E+04,3.297111E+03,5.243090E-01,2.395762E-01,1.575760E+04,5.381472E+03,5.148247E-01,3.910279E-01,1.752539E+04,5.309546E+03,5.725573E-01,3.858016E-01
07:30:00,1.556109E+04,4.332068E+03,5.084689E-01,3.148063E-01,1.528380E+04,6.338306E+03,4.994043E-01,4.605868E-01,1.702197E+04,6.268999E+03,5.562009E-01,4.555507E-01
07:40:00,1.524556E+04,5.375553E+03,4.981804E-01,3.906550E-01,1.497719E+04,7.375775E+03,4.894074E-01,5.359944E-01,1.668892E+04,7.307929E+03,5.453425E-01,5.310648E-01
07:50:00,1.500849E+04,6.412581E+03,4.904433E-01,4.660339E-01,1.474537E+04,8.413966E+03,4.818423E-01,6.114560E-01,1.643107E+04,8.347344E+03,5.369266E-01,6.066155E-01
08:00:00,1.476363E+04,7.440448E+03,4.824460E-01,5.407461E-01,1.450156E+04,9.443122E+03,4.738798E-01,6.862613E-01,1.616284E+04,9.377834E+03,5.281651E-01,6.815178E-01
08:10:00,1.442086E+04,7.671146E+03,4.712463E-01,5.575398E-01,1.416100E+04,9.674361E+03,4.627529E-01,7.030905E-01,1.580177E+04,9.611286E+03,5.163665E-01,6.985081E-01
08:20:00,1.409927E+04,7.893500E+03,4.607373E-01,5.736949E-01,1.384297E+04,9.895317E+03,4.523607E-01,7.191475E-01,1.546689E+04,9.834179E+03,5.054225E-01,7.147058E-01
08:30:00,1.379564E+04,8.100611E+03,4.508150E-01,5.887390E-01,1.354430E+04,1.010246E+04,4.426011E-01,7.341980E-01,1.515435E+04,1.004337E+04,4.952084E-01,7.299050E-01
08:40:00,1.350818E+04,8.302715E+03,4.414218E-01,6.034191E-01,1.326326E+04,1.030463E+04,4.334179E-01,7.488859E-01,1.486199E+04,1.024766E+04,4.856549E-01,7.447470E-01
08:50:00,1.323569E+04,8.508297E+03,4.325188E-01,6.183526E-01,1.299867E+04,1.051058E+04,4.247732E-01,7.638482E-01,1.458840E+04,1.045544E+04,4.767157E-01,7.598419E-01
09:00:00,1.297801E+04,8.691882E+03,4.241001E-01,6.316905E-01,1.275045E+04,1.069515E+04,4.166636E-01,7.772589E-01,1.433339E+04,1.064207E+04,4.683844E-01,7.734028E-01
09:10:00,1.273824E+04,8.843674E+03,4.162669E-01,6.427162E-01,1.251702E+04,1.084686E+04,4.090376E-01,7.882779E-01,1.409266E+04,1.079522E+04,4.605200E-01,7.845270E-01
09:20:00,1.251590E+04,8.962210E+03,4.090035E-01,6.513218E-01,1.229786E+04,1.096493E+04,4.018778E-01,7.968481E-01,1.386566E+04,1.091441E+04,4.531045E-01,7.931783E-01
09:30:00,1.231035E+04,9.044226E+03,4.022886E-01,6.572702E-01,1.209263E+04,1.104373E+04,3.951735E-01,8.025595E-01,1.365206E+04,1.099430E+04,4.461269E-01,7.989692E-01
09:40:00,1.212055E+04,9.093777E+03,3.960884E-01,6.608570E-01,1.190030E+04,1.109339E+04,3.888907E-01,8.061502E-01,1.345061E+04,1.104483E+04,4.395465E-01,8.026227E-01
09:50:00,1.194555E+04,9.092724E+03,3.903717E-01,6.607647E-01,1.172008E+04,1.109024E+04,3.830035E-01,8.059014E-01,1.326047E+04,1.104279E+04,4.333355E-01,8.024549E-01
10:00:00,1.178483E+04,9.076964E+03,3.851215E-01,6.596006E-01,1.155148E+04,1.107183E+04,3.774955E-01,8.045407E-01,1.308102E+04,1.102522E+04,4.274736E-01,8.011550E-01
10:10:00,1.160290E+04,9.048609E+03,3.791778E-01,6.575234E-01,1.136172E+04,1.104116E+04,3.712963E-01,8.022918E-01,1.288091E+04,1.099509E+04,4.209363E-01,7.989455E-01
10:20:00,1.139939E+04,9.007256E+03,3.725290E-01,6.545055E-01,1.115065E+04,1.099705E+04,3.644005E-01,7.990719E-01,1.265987E+04,1.095198E+04,4.137148E-01,7.957988E-01
10:30:00,1.117434E+04,8.963603E+03,3.651765E-01,6.513242E-01,1.091813E+04,1.095233E+04,3.568037E-01,7.958127E-01,1.241763E+04,1.090797E+04,4.058008E-01,7.925913E-01
10:40:00,1.092894E+04,8.923141E+03,3.571589E-01,6.483777E-01,1.066542E+04,1.090649E+04,3.485470E-01,7.924760E-01,1.215568E+04,1.086284E+04,3.972430E-01,7.893059E-01
10:50:00,1.066415E+04,8.883173E+03,3.485078E-01,6.454692E-01,1.039341E+04,1.086399E+04,3.396600E-01,7.893845E-01,1.187503E+04,1.082099E+04,3.880737E-01,7.862609E-01
11:00:00,1.038027E+04,8.856288E+03,3.392328E-01,6.435126E-01,1.010241E+04,1.083363E+04,3.301525E-01,7.871759E-01,1.157602E+04,1.079114E+04,3.783049E-01,7.840895E-01
11:10:00,1.009946E+04,8.842432E+03,3.300583E-01,6.425037E-01,9.814141E+03,1.081756E+04,3.207341E-01,7.860066E-01,1.128016E+04,1.077560E+04,3.686390E-01,7.829586E-01
11:20:00,9.821718E+03,8.845362E+03,3.209838E-01,6.427152E-01,9.528604E+03,1.081769E+04,3.114050E-01,7.860152E-01,1.098745E+04,1.077632E+04,3.590759E-01,7.830098E-01
11:30:00,9.547040E+03,8.852104E+03,3.120094E-01,6.432041E-01,9.245815E+03,1.082248E+04,3.021655E-01,7.863624E-01,1.069791E+04,1.078181E+04,3.496163E-01,7.834082E-01
11:40:00,9.270203E+03,8.863839E+03,3.029643E-01,6.440560E-01,8.960750E+03,1.083185E+04,2.928514E-01,7.870425E-01,1.040612E+04,1.079201E+04,3.400829E-01,7.841486E-01
11:50:00,8.992819E+03,8.872734E+03,2.939011E-01,6.447014E-01,8.675054E+03,1.083986E+04,2.835165E-01,7.876232E-01,1.011340E+04,1.080098E+04,3.305187E-01,7.848000E-01
12:00:00,8.716890E+03,8.890355E+03,2.848852E-01,6.459807E-01,8.390724E+03,1.085598E+04,2.742261E-01,7.887934E-01,9.821882E+03,1.081824E+04,3.209939E-01,7.860524E-01
12:10:00,8.458522E+03,8.914296E+03,2.764430E-01,6.477190E-01,8.125272E+03,1.087801E+04,2.655524E-01,7.903933E-01,9.549779E+03,1.084144E+04,3.121032E-01,7.877367E-01
12:20:00,8.214239E+03,8.945545E+03,2.684609E-01,6.499884E-01,7.875305E+03,1.090871E+04,2.573844E-01,7.926223E-01,9.293166E+03,1.087332E+04,3.037184E-01,7.900517E-01
12:30:00,7.985363E+03,8.997206E+03,2.609819E-01,6.537407E-01,7.641961E+03,1.095972E+04,2.497594E-01,7.963272E-01,9.053439E+03,1.092547E+04,2.958850E-01,7.938392E-01
12:40:00,7.777253E+03,9.063316E+03,2.541815E-01,6.585432E-01,7.430409E+03,1.102678E+04,2.428465E-01,8.011981E-01,8.836146E+03,1.099370E+04,2.887847E-01,7.987956E-01
12:50:00,7.588516E+03,9.149639E+03,2.480139E-01,6.648147E-01,7.239201E+03,1.111149E+04,2.365981E-01,8.073516E-01,8.640300E+03,1.107961E+04,2.823850E-01,8.050369E-01
13:00:00,7.417076E+03,9.238689E+03,2.424115E-01,6.712849E-01,7.066288E+03,1.120063E+04,2.309475E-01,8.138282E-01,8.463710E+03,1.117004E+04,2.766144E-01,8.116063E-01
13:10:00,7.252677E+03,9.330024E+03,2.370391E-01,6.779213E-01,6.901638E+03,1.129232E+04,2.255669E-01,8.204901E-01,8.296752E+03,1.126368E+04,2.711584E-01,8.184101E-01
13:20:00,7.098499E+03,9.421942E+03,2.320007E-01,6.846003E-01,6.748339E+03,1.138503E+04,2.205571E-01,8.272263E-01,8.142897E+03,1.135905E+04,2.661306E-01,8.253397E-01
13:30:00,6.952928E+03,9.506885E+03,2.272435E-01,6.907728E-01,6.604952E+03,1.147150E+04,2.158713E-01,8.335096E-01,8.000242E+03,1.144894E+04,2.614687E-01,8.318716E-01
13:40:00,6.817215E+03,9.590580E+03,2.228084E-01,6.968549E-01,6.472552E+03,1.155787E+04,2.115445E-01,8.397861E-01,7.869832E+03,1.153943E+04,2.572070E-01,8.384469E-01
13:50:00,6.684841E+03,9.670716E+03,2.184825E-01,7.026791E-01,6.344454E+03,1.164151E+04,2.073582E-01,8.458655E-01,7.745640E+03,1.162794E+04,2.531485E-01,8.448805E-01
14:00:00,6.554909E+03,9.749776E+03,2.142363E-01,7.084257E-01,6.219913E+03,1.172530E+04,2.032882E-01,8.519563E-01,7.625962E+03,1.171732E+04,2.492375E-01,8.513772E-01
14:10:00,6.439378E+03,9.824568E+03,2.104609E-01,7.138630E-01,6.103352E+03,1.180435E+04,1.994791E-01,8.577041E-01,7.510765E+03,1.180177E+04,2.454731E-01,8.575172E-01
14:20:00,6.297366E+03,9.892615E+03,2.058200E-01,7.188111E-01,5.953933E+03,1.187502E+04,1.945960E-01,8.628439E-01,7.359267E+03,1.187761E+04,2.405222E-01,8.630333E-01
14:30:00,6.126649E+03,9.966881E+03,2.002410E-01,7.242116E-01,5.769671E+03,1.195293E+04,1.885743E-01,8.685106E-01,7.169503E+03,1.196044E+04,2.343208E-01,8.690575E-01
14:40:00,5.936826E+03,1.003424E+04,1.940377E-01,7.291104E-01,5.560318E+03,1.202189E+04,1.817326E-01,8.735272E-01,6.951109E+03,1.203407E+04,2.271840E-01,8.744137E-01
14:50:00,5.735902E+03,1.009718E+04,1.874716E-01,7.336880E-01,5.334168E+03,1.208661E+04,1.743421E-01,8.782355E-01,6.711785E+03,1.210318E+04,2.193632E-01,8.794407E-01
15:00:00,5.526286E+03,1.015106E+04,1.806214E-01,7.376063E-01,5.093142E+03,1.214148E+04,1.664653E-01,8.822262E-01,6.455055E+03,1.216215E+04,2.109736E-01,8.837303E-01
15:10:00,5.374785E+03,1.020539E+04,1.756706E-01,7.415561E-01,4.912520E+03,1.219724E+04,1.605628E-01,8.862804E-01,6.261098E+03,1.222232E+04,2.046356E-01,8.881054E-01
15:20:00,5.305947E+03,1.025700E+04,1.734214E-01,7.453074E-01,4.816784E+03,1.225605E+04,1.574345E-01,8.905552E-01,6.154757E+03,1.228577E+04,2.011609E-01,8.927171E-01
15:30:00,5.309241E+03,1.029957E+04,1.735293E-01,7.484006E-01,4.795195E+03,1.229989E+04,1.567292E-01,8.937404E-01,6.125259E+03,1.234019E+04,2.001972E-01,8.966709E-01
15:40:00,5.357540E+03,1.034100E+04,1.751078E-01,7.514108E-01,4.820907E+03,1.234245E+04,1.575695E-01,8.968322E-01,6.145514E+03,1.239441E+04,2.008593E-01,9.006101E-01
15:50:00,5.432119E+03,1.037830E+04,1.775450E-01,7.541204E-01,4.875201E+03,1.238044E+04,1.593439E-01,8.995926E-01,6.196564E+03,1.244309E+04,2.025276E-01,9.041473E-01
16:00:00,5.540393E+03,1.041499E+04,1.810835E-01,7.567864E-01,4.964565E+03,1.242204E+04,1.622644E-01,9.026153E-01,6.286015E+03,1.249072E+04,2.054508E-01,9.076082E-01
16:10:00,5.583366E+03,1.044184E+04,1.824875E-01,7.587383E-01,4.988513E+03,1.245276E+04,1.630467E-01,9.048486E-01,6.311153E+03,1.252741E+04,2.062720E-01,9.102752E-01
16:20:00,5.594084E+03,1.046250E+04,1.828376E-01,7.602406E-01,4.980243E+03,1.247348E+04,1.627763E-01,9.063558E-01,6.304769E+03,1.255425E+04,2.060631E-01,9.122269E-01
16:30:00,5.603393E+03,1.047103E+04,1.831418E-01,7.608622E-01,4.970499E+03,1.248698E+04,1.624578E-01,9.073389E-01,6.297955E+03,1.256820E+04,2.058405E-01,9.132429E-01
16:40:00,5.626291E+03,1.046099E+04,1.838902E-01,7.601339E-01,4.974482E+03,1.248388E+04,1.625880E-01,9.071164E-01,6.305753E+03,1.256498E+04,2.060954E-01,9.130113E-01
16:50:00,5.679011E+03,1.043333E+04,1.856132E-01,7.581249E-01,5.008561E+03,1.246337E+04,1.637018E-01,9.056277E-01,6.344485E+03,1.254562E+04,2.073612E-01,9.116062E-01
17:00:00,5.761974E+03,1.038554E+04,1.883245E-01,7.546528E-01,5.074223E+03,1.241731E+04,1.658478E-01,9.022817E-01,6.413936E+03,1.250560E+04,2.096309E-01,9.086989E-01
17:10:00,5.880619E+03,1.032103E+04,1.922019E-01,7.499645E-01,5.176230E+03,1.235645E+04,1.691815E-01,8.978585E-01,6.519335E+03,1.245058E+04,2.130753E-01,9.047007E-01
17:20:00,6.016830E+03,1.023489E+04,1.966532E-01,7.437032E-01,5.296590E+03,1.227250E+04,1.731149E-01,8.917564E-01,6.642632E+03,1.237207E+04,2.171046E-01,8.989945E-01
17:30:00,6.152068E+03,1.013443E+04,2.010727E-01,7.364009E-01,5.416930E+03,1.217320E+04,1.770476E-01,8.845382E-01,6.765135E+03,1.227785E+04,2.211078E-01,8.921451E-01
17:40:00,6.286418E+03,1.001887E+04,2.054631E-01,7.280007E-01,5.537062E+03,1.205752E+04,1.809735E-01,8.761293E-01,6.887086E+03,1.216658E+04,2.250930E-01,8.840568E-01
17:50:00,6.419677E+03,9.888938E+03,2.098180E-01,7.185565E-01,5.656666E+03,1.192620E+04,1.848821E-01,8.665844E-01,7.008075E+03,1.203913E+04,2.290468E-01,8.747931E-01
18:00:00,6.541851E+03,9.745876E+03,2.138105E-01,7.081585E-01,5.766042E+03,1.178189E+04,1.884565E-01,8.560958E-01,7.118224E+03,1.189814E+04,2.326464E-01,8.645457E-01
18:10:00,5.502123E+03,8.061104E+03,1.798284E-01,5.857378E-01,4.850303E+03,9.756637E+03,1.585264E-01,7.089357E-01,5.977413E+03,9.854920E+03,1.953608E-01,7.160794E-01
18:20:00,4.441820E+03,6.401044E+03,1.451739E-01,4.651132E-01,3.916205E+03,7.756504E+03,1.279964E-01,5.636014E-01,4.817997E+03,7.836191E+03,1.574673E-01,5.693933E-01
18:30:00,3.361206E+03,4.759353E+03,1.098556E-01,3.458240E-01,2.963958E+03,5.775000E+03,9.687328E-02,4.196213E-01,3.640355E+03,5.835525E+03,1.189781E-01,4.240205E-01
18:40:00,2.260567E+03,3.145124E+03,7.388292E-02,2.285307E-01,1.993762E+03,3.821497E+03,6.516355E-02,2.776761E-01,2.444682E+03,3.862315E+03,7.989977E-02,2.806429E-01
18:50:00,1.140107E+03,1.558731E+03,3.726250E-02,1.132602E-01,1.005742E+03,1.896517E+03,3.287135E-02,1.378039E-01,1.231184E+03,1.917141E+03,4.023888E-02,1.393029E-01
19:00:00,0.000000E+00,0.000000E+00,0.000000E+00,0.000000E+00,0.000000E+00,0.000000E+00,0.000000E+00,0.000000E+00,0.000000E+00,0.000000E+00,0.000000E+00,0.000000E+00
19:10:00,0.000000E+00,0.000000E+00,0.000000E+00,0.000000E+00,0.000000E+00,0.000000E+00,0.000000E+00,0.000000E+00,0.000000E+00,0.000000E+00,0.000000E+00,0.000000E+00
19:20:00,0.000000E+00,0.000000E+00,0.000000E+00,0.000000E+00,0.000000E+00,0.000000E+00,0.000000E+00,0.000000E+00,0.000000E+00,0.000000E+00,0.000000E+00,0.000000E+00
19:30:00,0.000000E+00,0.000000E+00,0.000000E+00,0.000000E+00,0.000000E+00,0.000000E+00,0.000000E+00,0.000000E+00,0.000000E+00,0.000000E+00,0.000000E+00,0.000000E+00
19:40:00,0.000000E+00,0.000000E+00,0.000000E+00,0.000000E+00,0.000000E+00,0.000000E+00,0.000000E+00,0.000000E+00,0.000000E+00,0.000000E+00,0.000000E+00,0.000000E+00
19:50:00,0.000000E+00,0.000000E+00,0.000000E+00,0.000000E+00,0.000000E+00,0.000000E+00,0.000000E+00,0.000000E+00,0.000000E+00,0.000000E+00,0.000000E+00,0.000000E+00
20:00:00,0.000000E+00,0.000000E+00,0.000000E+00,0.000000E+00,0.000000E+00,0.000000E+00,0.000000E+00,0.000000E+00,0.000000E+00,0.000000E+00,0.000000E+00,0.000000E+00
20:10:00,0.000000E+00,0.000000E+00,0.000000E+00,0.000000E+00,0.000000E+00,0.000000E+00,0.000000E+00,0.000000E+00,0.000000E+00,0.000000E+00,0.000000E+00,0.000000E+00
20:20:00,0.000000E+00,0.000000E+00,0.000000E+00,0.000000E+00,0.000000E+00,0.000000E+00,0.000000E+00,0.000000E+00,0.000000E+00,0.000000E+00,0.000000E+00,0.000000E+00
20:30:00,0.000000E+00,0.000000E+00,0.000000E+00,0.000000E+00,0.000000E+00,0.000000E+00,0.000000E+00,0.000000E+00,0.000000E+00,0.000000E+00,0.000000E+00,0.000000E+00
20:40:00,0.000000E+00,0.000000E+00,0.000000E+00,0.000000E+00,0.000000E+00,0.000000E+00,0.000000E+00,0.000000E+00,0.000000E+00,0.000000E+00,0.000000E+00,0.000000E+00
20:50:00,0.000000E+00,0.000000E+00,0.000000E+00,0.000000E+00,0.000000E+00,0.000000E+00,0.000000E+00,0.000000E+00,0.000000E+00,0.000000E+00,0.000000E+00,0.000000E+00
21:00:00,0.000000E+00,0.000000E+00,0.000000E+00,0.000000E+00,0.000000E+00,0.000000E+00,0.000000E+00,0.000000E+00,0.000000E+00,0.000000E+00,0.000000E+00,0.000000E+00
21:10:00,0.000000E+00,0.000000E+00,0.000000E+00,0.000000E+00,0.000000E+00,0.000000E+00,0.000000E+00,0.000000E+00,0.000000E+00,0.000000E+00,0.000000E+00,0.000000E+00
21:20:00,0.000000E+00,0.000000E+00,0.000000E+00,0.000000E+00,0.000000E+00,0.000000E+00,0.000000E+00,0.000000E+00,0.000000E+00,0.000000E+00,0.000000E+00,0.000000E+00
21:30:00,0.000000E+00,0.000000E+00,0.000000E+00,0.000000E+00,0.000000E+00,0.000000E+00,0.000000E+00,0.000000E+00,0.000000E+00,0.000000E+00,0.000000E+00,0.000000E+00
21:40:00,0.000000E+00,0.000000E+00,0.000000E+00,0.000000E+00,0.000000E+00,0.000000E+00,0.000000E+00,0.000000E+00,0.000000E+00,0.000000E+00,0.000000E+00,0.000000E+00
21:50:00,0.000000E+00,0.000000E+00,0.000000E+00,0.000000E+00,0.000000E+00,0.000000E+00,0.000000E+00,0.000000E+00,0.000000E+00,0.000000E+00,0.000000E+00,0.000000E+00
22:00:00,0.000000E+00,0.000000E+00,0.000000E+00,0.000000E+00,0.000000E+00,0.000000E+00,0.000000E+00,0.000000E+00,0.000000E+00,0.000000E+00,0.000000E+00,0.000000E+00
22:10:00,0.000000E+00,0.000000E+00,0.000000E+00,0.000000E+00,0.000000E+00,0.000000E+00,0.000000E+00,0.000000E+00,0.000000E+00,0.000000E+00,0.000000E+00,0.000000E+00
22:20:00,0.000000E+00,0.000000E+00,0.000000E+00,0.000000E+00,0.000000E+00,0.000000E+00,0.000000E+00,0.000000E+00,2.715365E+01,0.000000E+00,7.609262E-04,0.000000E+00
22:30:00,0.000000E+00,0.000000E+00,0.000000E+00,0.000000E+00,0.000000E+00,0.000000E+00,0.000000E+00,0.000000E+00,4.652148E+01,0.000000E+00,1.303592E-03,0.000000E+00
22:40:00,0.000000E+00,0.000000E+00,0.000000E+00,0.000000E+00,0.000000E+00,0.000000E+00,0.000000E+00,0.000000E+00,8.076046E+01,0.000000E+00,2.262934E-03,0.000000E+00
22:50:00,0.000000E+00,0.000000E+00,0.000000E+00,0.000000E+00,0.000000E+00,0.000000E+00,0.000000E+00,0.000000E+00,1.250751E+02,0.000000E+00,3.504582E-03,0.000000E+00
23:00:00,0.000000E+00,0.000000E+00,0.000000E+00,0.000000E+00,0.000000E+00,0.000000E+00,0.000000E+00,0.000000E+00,1.779458E+02,0.000000E+00,4.985957E-03,0.000000E+00
23:10:00,0.000000E+00,0.000000E+00,0.000000E+00,0.000000E+00,0.000000E+00,0.000000E+00,0.000000E+00,0.000000E+00,2.407500E+02,0.000000E+00,6.745654E-03,0.000000E+00
23:20:00,0.000000E+00,0.000000E+00,0.000000E+00,0.000000E+00,0.000000E+00,0.000000E+00,0.000000E+00,0.000000E+00,2.857357E+02,0.000000E+00,8.005977E-03,0.000000E+00
23:30:00,0.000000E+00,0.000000E+00,0.000000E+00,0.000000E+00,0.000000E+00,0.000000E+00,0.000000E+00,0.000000E+00,3.473765E+02,0.000000E+00,9.733062E-03,0.000000E+00
23:40:00,0.000000E+00,0.000000E+00,0.000000E+00,0.000000E+00,0.000000E+00,0.000000E+00,0.000000E+00,0.000000E+00,4.025601E+02,0.000000E+00,1.127921E-02,0.000000E+00
23:50:00,0.000000E+00,0.000000E+00,0.000000E+00,0.000000E+00,0.000000E+00,0.000000E+00,0.000000E+00,0.000000E+00,4.557075E+02,0.000000E+00,1.276831E-02,0.000000E+00
24:00:00,0.000000E+00,0.000000E+00,0.000000E+00,0.000000E+00,0.000000E+00,0.000000E+00,0.000000E+00,0.000000E+00,5.079942E+02,0.000000E+00,1.423328E-02,0.000000E+00
Peak,1.815450E+04,1.047103E+04,5.640234E-01,7.608622E-01,1.788994E+04,1.248698E+04,5.554234E-01,9.073389E-01,1.949006E+04,1.256820E+04,6.070950E-01,9.132429E-01

Peak Vol Flow (m3/s),,,4.988403E-01,6.729309E-01,,,4.912342E-01,8.024795E-01,,,5.369342E-01,8.077011E-01
